loan_amnt,total_loans,defaulted_loans,default_rate
500,11,0,0.0
550,1,0,0.0
600,6,0,0.0
700,3,0,0.0
725,1,0,0.0
750,1,0,0.0
800,3,0,0.0
850,1,0,0.0
900,4,1,25.0
925,1,0,0.0
950,1,0,0.0
1000,9816,714,7.27
1025,35,2,5.71
1050,53,3,5.66
1075,24,1,4.17
1100,252,16,6.35
1125,41,3,7.32
1150,46,5,10.87
1175,16,2,12.5
1200,3691,273,7.4
1225,19,1,5.26
1250,101,9,8.91
1275,59,8,13.56
1300,375,24,6.4
1325,74,11,14.86
1350,67,5,7.46
1375,37,4,10.81
1400,1265,110,8.7
1425,27,1,3.7
1450,346,33,9.54
1475,42,0,0.0
1500,6176,439,7.11
1525,40,0,0.0
1550,137,12,8.76
1575,37,5,13.51
1600,2410,174,7.22
1625,59,5,8.47
1650,105,6,5.71
1675,193,23,11.92
1700,368,21,5.71
1725,37,8,21.62
1750,230,22,9.57
1775,52,7,13.46
1800,2590,191,7.37
1825,65,6,9.23
1850,92,9,9.78
1875,67,14,20.9
1900,211,19,9.0
1925,210,21,10.0
1950,127,13,10.24
1975,75,12,16.0
2000,16142,1417,8.78
2025,36,9,25.0
2050,132,15,11.36
2075,84,7,8.33
2100,1298,127,9.78
2125,94,19,20.21
2150,246,23,9.35
2175,69,8,11.59
2200,1819,202,11.11
2225,80,17,21.25
2250,304,31,10.2
2275,103,15,14.56
2300,551,32,5.81
2325,85,13,15.29
2350,121,20,16.53
2375,116,20,17.24
2400,6158,581,9.43
2425,91,16,17.58
2450,110,11,10.0
2475,65,6,9.23
2500,9872,763,7.73
2525,192,31,16.15
2550,182,23,12.64
2575,104,16,15.38
2600,760,65,8.55
2625,119,20,16.81
2650,383,45,11.75
2675,105,6,5.71
2700,918,81,8.82
2725,141,14,9.93
2750,401,52,12.97
2775,99,14,14.14
2800,3092,313,10.12
2825,111,17,15.32
2850,186,26,13.98
2875,389,63,16.2
2900,277,33,11.91
2925,115,22,19.13
2950,160,26,16.25
2975,233,33,14.16
3000,29668,2610,8.8
3025,1577,104,6.59
3050,236,43,18.22
3075,209,32,15.31
3100,455,35,7.69
3125,361,55,15.24
3150,233,30,12.88
3175,177,23,12.99
3200,4452,370,8.31
3225,154,29,18.83
3250,684,122,17.84
3275,169,31,18.34
3300,893,62,6.94
3325,158,20,12.66
3350,346,43,12.43
3375,149,23,15.44
3400,579,58,10.02
3425,153,28,18.3
3450,187,29,15.51
3475,183,35,19.13
3500,10643,816,7.67
3525,198,27,13.64
3550,209,42,20.1
3575,151,15,9.93
3600,9190,955,10.39
3625,493,64,12.98
3650,211,22,10.43
3675,188,31,16.49
3700,652,50,7.67
3725,188,28,14.89
3750,342,57,16.67
3775,185,29,15.68
3800,831,64,7.7
3825,342,59,17.25
3850,444,60,13.51
3875,158,26,16.46
3900,643,71,11.04
3925,166,17,10.24
3950,323,46,14.24
3975,256,44,17.19
4000,32375,2835,8.76
4025,155,30,19.35
4050,192,25,13.02
4075,277,44,15.88
4100,426,41,9.62
4125,262,43,16.41
4150,277,48,17.33
4175,195,30,15.38
4200,6278,634,10.1
4225,315,42,13.33
4250,405,68,16.79
4275,172,32,18.6
4300,765,75,9.8
4325,365,47,12.88
4350,281,44,15.66
4375,494,88,17.81
4400,1129,88,7.79
4425,175,22,12.57
4450,398,57,14.32
4475,324,49,15.12
4500,7263,623,8.58
4525,232,42,18.1
4550,369,58,15.72
4575,263,56,21.29
4600,712,78,10.96
4625,290,51,17.59
4650,261,41,15.71
4675,281,50,17.79
4700,552,62,11.23
4725,280,51,18.21
4750,766,141,18.41
4775,187,42,22.46
4800,13071,1281,9.8
4825,232,45,19.4
4850,317,59,18.61
4875,249,53,21.29
4900,929,83,8.93
4925,208,27,12.98
4950,618,106,17.15
4975,187,31,16.58
5000,84765,7864,9.28
5025,247,47,19.03
5050,482,62,12.86
5075,259,63,24.32
5100,786,90,11.45
5125,401,66,16.46
5150,294,39,13.27
5175,268,50,18.66
5200,1937,182,9.4
5225,267,41,15.36
5250,497,64,12.88
5275,351,41,11.68
5300,1013,76,7.5
5325,303,61,20.13
5350,260,38,14.62
5375,790,154,19.49
5400,2818,279,9.9
5425,206,27,13.11
5450,367,60,16.35
5475,205,32,15.61
5500,8441,661,7.83
5525,289,39,13.49
5550,314,47,14.97
5575,226,44,19.47
5600,7497,802,10.7
5625,230,37,16.09
5650,294,46,15.65
5675,252,46,18.25
5700,841,90,10.7
5725,255,39,15.29
5750,742,99,13.34
5775,186,36,19.35
5800,908,111,12.22
5825,326,56,17.18
5850,287,45,15.68
5875,449,74,16.48
5900,392,47,11.99
5925,255,41,16.08
5950,467,96,20.56
5975,307,67,21.82
6000,72089,6434,8.93
6025,3531,382,10.82
6050,449,62,13.81
6075,768,160,20.83
6100,657,91,13.85
6125,262,48,18.32
6150,362,71,19.61
6175,186,36,19.35
6200,1041,97,9.32
6225,276,52,18.84
6250,1093,188,17.2
6275,232,40,17.24
6300,1453,154,10.6
6325,310,72,23.23
6350,494,91,18.42
6375,259,44,16.99
6400,7479,828,11.07
6425,235,49,20.85
6450,347,60,17.29
6475,403,73,18.11
6500,10152,761,7.5
6525,197,38,19.29
6550,252,32,12.7
6575,234,47,20.09
6600,2493,252,10.11
6625,589,97,16.47
6650,435,58,13.33
6675,193,31,16.06
6700,847,90,10.63
6725,412,70,16.99
6750,317,49,15.46
6775,213,41,19.25
6800,1549,149,9.62
6825,305,48,15.74
6850,436,73,16.74
6875,188,29,15.43
6900,565,74,13.1
6925,285,57,20.0
6950,368,57,15.49
6975,186,25,13.44
7000,37867,3487,9.21
7025,314,64,20.38
7050,328,54,16.46
7075,268,43,16.04
7100,507,68,13.41
7125,686,144,20.99
7150,357,65,18.21
7175,224,45,20.09
7200,15136,1680,11.1
7225,493,82,16.63
7250,401,66,16.46
7275,248,42,16.94
7300,667,68,10.19
7325,257,54,21.01
7350,564,94,16.67
7375,345,75,21.74
7400,641,82,12.79
7425,247,49,19.84
7450,381,65,17.06
7475,532,116,21.8
7500,14137,1244,8.8
7525,240,53,22.08
7550,657,137,20.85
7575,279,55,19.71
7600,877,91,10.38
7625,293,50,17.06
7650,299,52,17.39
7675,389,69,17.74
7700,1166,124,10.63
7725,204,37,18.14
7750,823,162,19.68
7775,259,43,16.6
7800,3290,398,12.1
7825,229,44,19.21
7850,299,45,15.05
7875,308,66,21.43
7900,691,128,18.52
7925,406,72,17.73
7950,272,64,23.53
7975,364,72,19.78
8000,75033,7510,10.01
8025,167,33,19.76
8050,398,82,20.6
8075,222,42,18.92
8100,540,53,9.81
8125,450,90,20.0
8150,417,64,15.35
8175,135,31,22.96
8200,869,116,13.35
8225,305,42,13.77
8250,498,72,14.46
8275,371,76,20.49
8300,583,75,12.86
8325,859,165,19.21
8350,296,64,21.62
8375,203,43,21.18
8400,10914,1213,11.11
8425,332,57,17.17
8450,473,86,18.18
8475,324,75,23.15
8500,8103,722,8.91
8525,201,30,14.93
8550,241,43,17.84
8575,412,79,19.17
8600,777,78,10.04
8625,354,78,22.03
8650,417,52,12.47
8675,271,57,21.03
8700,677,72,10.64
8725,422,88,20.85
8750,607,93,15.32
8775,211,39,18.48
8800,2282,235,10.3
8825,283,44,15.55
8850,251,43,17.13
8875,1153,233,20.21
8900,422,38,9.0
8925,210,38,18.1
8950,519,112,21.58
8975,475,113,23.79
9000,26254,2388,9.1
9025,264,67,25.38
9050,297,60,20.2
9075,208,42,20.19
9100,1235,198,16.03
9125,409,85,20.78
9150,264,67,25.38
9175,437,101,23.11
9200,911,113,12.4
9225,273,52,19.05
9250,805,135,16.77
9275,216,39,18.06
9300,542,71,13.1
9325,492,114,23.17
9350,531,92,17.33
9375,233,51,21.89
9400,482,73,15.15
9425,176,19,10.8
9450,913,192,21.03
9475,229,42,18.34
9500,4307,383,8.89
9525,308,65,21.1
9550,373,74,19.84
9575,239,50,20.92
9600,17131,1851,10.8
9625,216,49,22.69
9650,435,77,17.7
9675,203,43,21.18
9700,581,90,15.49
9725,283,55,19.43
9750,1043,210,20.13
9775,263,51,19.39
9800,2662,300,11.27
9825,195,41,21.03
9850,393,84,21.37
9875,354,82,23.16
9900,682,94,13.78
9925,421,64,15.2
9950,514,100,19.46
9975,443,86,19.41
10000,187236,17902,9.56
10025,216,50,23.15
10050,518,115,22.2
10075,805,181,22.48
10100,407,79,19.41
10125,225,49,21.78
10150,313,60,19.17
10175,239,37,15.48
10200,2759,410,14.86
10225,260,59,22.69
10250,376,70,18.62
10275,164,35,21.34
10300,497,91,18.31
10325,339,79,23.3
10350,307,64,20.85
10375,434,84,19.35
10400,3413,449,13.16
10425,324,74,22.84
10450,389,59,15.17
10475,307,61,19.87
10500,6724,816,12.14
10525,337,83,24.63
10550,566,102,18.02
10575,452,100,22.12
10600,684,87,12.72
10625,978,231,23.62
10650,359,70,19.5
10675,219,40,18.26
10700,471,55,11.68
10725,339,79,23.3
10750,788,188,23.86
10775,298,61,20.47
10800,5804,803,13.84
10825,181,42,23.2
10850,574,137,23.87
10875,377,75,19.89
10900,372,57,15.32
10925,294,46,15.65
10950,338,84,24.85
10975,445,120,26.97
11000,19715,1610,8.17
11025,250,47,18.8
11050,429,80,18.65
11075,349,72,20.63
11100,864,179,20.72
11125,257,59,22.96
11150,376,77,20.48
11175,277,62,22.38
11200,11334,1732,15.28
11225,271,74,27.31
11250,447,100,22.37
11275,220,37,16.82
11300,553,87,15.73
11325,521,119,22.84
11350,272,53,19.49
11375,231,47,20.35
11400,1510,241,15.96
11425,273,59,21.61
11450,263,52,19.77
11475,265,63,23.77
11500,4554,568,12.47
11525,367,73,19.89
11550,349,76,21.78
11575,282,59,20.92
11600,668,102,15.27
11625,465,109,23.44
11650,295,60,20.34
11675,290,56,19.31
11700,930,181,19.46
11725,275,58,21.09
11750,510,102,20.0
11775,274,64,23.36
11800,446,57,12.78
11825,190,36,18.95
11850,558,135,24.19
11875,608,158,25.99
11900,743,122,16.42
11925,300,61,20.33
11950,488,110,22.54
11975,516,118,22.87
12000,121681,13149,10.81
12025,195,37,18.97
12050,376,92,24.47
12075,423,91,21.51
12100,347,50,14.41
12125,253,53,20.95
12150,399,96,24.06
12175,616,141,22.89
12200,427,65,15.22
12225,351,100,28.49
12250,900,192,21.33
12275,280,61,21.79
12300,697,133,19.08
12325,287,58,20.21
12350,281,58,20.64
12375,678,127,18.73
12400,549,89,16.21
12425,191,42,21.99
12450,351,72,20.51
12475,274,54,19.71
12500,5828,535,9.18
12525,228,42,18.42
12550,283,64,22.61
12575,331,88,26.59
12600,2913,491,16.86
12625,208,42,20.19
12650,266,52,19.55
12675,201,39,19.4
12700,487,86,17.66
12725,332,70,21.08
12750,410,73,17.8
12775,193,38,19.69
12800,5931,778,13.12
12825,268,59,22.01
12850,232,45,19.4
12875,383,81,21.15
12900,356,54,15.17
12925,215,53,24.65
12950,528,140,26.52
12975,224,54,24.11
13000,19890,1617,8.13
13025,229,44,19.21
13050,267,55,20.6
13075,171,33,19.3
13100,396,89,22.47
13125,214,37,17.29
13150,405,91,22.47
13175,223,45,20.18
13200,3761,529,14.07
13225,309,66,21.36
13250,815,189,23.19
13275,192,39,20.31
13300,629,109,17.33
13325,245,43,17.55
13350,259,49,18.92
13375,373,88,23.59
13400,363,62,17.08
13425,303,76,25.08
13450,302,57,18.87
13475,525,144,27.43
13500,3861,369,9.56
13525,157,37,23.57
13550,254,55,21.65
13575,206,44,21.36
13600,1859,308,16.57
13625,326,64,19.63
13650,301,60,19.93
13675,375,90,24.0
13700,498,86,17.27
13725,186,43,23.12
13750,591,125,21.15
13775,207,37,17.87
13800,1146,165,14.4
13825,242,56,23.14
13850,318,76,23.9
13875,150,32,21.33
13900,347,63,18.16
13925,363,77,21.21
13950,224,42,18.75
13975,228,55,24.12
14000,34556,3782,10.94
14025,320,67,20.94
14050,273,72,26.37
14075,597,155,25.96
14100,381,72,18.9
14125,602,112,18.6
14150,226,57,25.22
14175,211,48,22.75
14200,324,40,12.35
14225,243,53,21.81
14250,394,79,20.05
14275,283,64,22.61
14300,598,106,17.73
14325,233,47,20.17
14350,430,107,24.88
14375,486,137,28.19
14400,13213,1742,13.18
14425,202,48,23.76
14450,262,61,23.28
14475,248,59,23.79
14500,2582,263,10.19
14525,210,35,16.67
14550,241,49,20.33
14575,341,72,21.11
14600,578,114,19.72
14625,177,32,18.08
14650,183,34,18.58
14675,457,130,28.45
14700,1079,241,22.34
14725,268,63,23.51
14750,393,78,19.85
14775,198,43,21.72
14800,601,107,17.8
14825,462,119,25.76
14850,288,47,16.32
14875,246,47,19.11
14900,479,107,22.34
14925,168,44,26.19
14950,423,79,18.68
14975,554,149,26.9
15000,123226,13222,10.73
15025,153,29,18.95
15050,338,65,19.23
15075,275,60,21.82
15100,466,109,23.39
15125,399,107,26.82
15150,182,38,20.88
15175,283,55,19.43
15200,1123,172,15.32
15225,228,62,27.19
15250,647,146,22.57
15275,212,51,24.06
15300,402,74,18.41
15325,216,46,21.3
15350,554,116,20.94
15375,183,29,15.85
15400,1337,203,15.18
15425,201,53,26.37
15450,301,67,22.26
15475,255,60,23.53
15500,2414,245,10.15
15525,154,35,22.73
15550,332,71,21.39
15575,187,36,19.25
15600,3535,427,12.08
15625,329,84,25.53
15650,174,35,20.11
15675,199,36,18.09
15700,292,51,17.47
15725,177,33,18.64
15750,426,76,17.84
15775,255,56,21.96
15800,377,67,17.77
15825,430,105,24.42
15850,636,143,22.48
15875,407,116,28.5
15900,322,52,16.15
15925,218,51,23.39
15950,467,130,27.84
15975,191,43,22.51
16000,66418,7625,11.48
16025,169,38,22.49
16050,156,35,22.44
16075,172,36,20.93
16100,590,105,17.8
16125,166,30,18.07
16150,354,102,28.81
16175,135,26,19.26
16200,1175,238,20.26
16225,226,49,21.68
16250,205,37,18.05
16275,181,41,22.65
16300,421,93,22.09
16325,216,48,22.22
16350,151,30,19.87
16375,286,70,24.48
16400,313,60,19.17
16425,426,96,22.54
16450,461,121,26.25
16475,193,44,22.8
16500,3013,300,9.96
16525,228,48,21.05
16550,451,96,21.29
16575,213,55,25.82
16600,260,49,18.85
16625,202,47,23.27
16650,224,43,19.2
16675,202,42,20.79
16700,496,121,24.4
16725,131,28,21.37
16750,694,178,25.65
16775,164,40,24.39
16800,6694,896,13.39
16825,241,61,25.31
16850,224,35,15.63
16875,171,33,19.3
16900,322,69,21.43
16925,173,29,16.76
16950,480,124,25.83
16975,201,45,22.39
17000,14741,1395,9.46
17025,138,33,23.91
17050,521,124,23.8
17075,130,24,18.46
17100,522,137,26.25
17125,254,73,28.74
17150,244,40,16.39
17175,138,21,15.22
17200,435,95,21.84
17225,250,59,23.6
17250,239,46,19.25
17275,398,96,24.12
17300,216,31,14.35
17325,349,84,24.07
17350,269,71,26.39
17375,184,35,19.02
17400,494,76,15.38
17425,238,57,23.95
17450,208,39,18.75
17475,547,122,22.3
17500,3949,519,13.14
17525,150,34,22.67
17550,299,87,29.1
17575,160,30,18.75
17600,2550,379,14.86
17625,757,191,25.23
17650,203,31,15.27
17675,192,50,26.04
17700,275,50,18.18
17725,137,32,23.36
17750,252,44,17.46
17775,189,47,24.87
17800,289,55,19.03
17825,175,27,15.43
17850,275,57,20.73
17875,333,66,19.82
17900,228,38,16.67
17925,228,44,19.3
17950,225,56,24.89
17975,433,104,24.02
18000,50271,6180,12.29
18025,177,44,24.86
18050,213,50,23.47
18075,298,75,25.17
18100,165,38,23.03
18125,182,39,21.43
18150,315,74,23.49
18175,167,28,16.77
18200,1180,170,14.41
18225,638,176,27.59
18250,573,127,22.16
18275,172,42,24.42
18300,326,64,19.63
18325,147,24,16.33
18350,375,98,26.13
18375,235,57,24.26
18400,1150,185,16.09
18425,205,50,24.39
18450,409,103,25.18
18475,361,91,25.21
18500,2072,197,9.51
18525,159,32,20.13
18550,407,102,25.06
18575,136,30,22.06
18600,524,70,13.36
18625,217,46,21.2
18650,167,37,22.16
18675,232,61,26.29
18700,425,83,19.53
18725,257,69,26.85
18750,235,49,20.85
18775,215,43,20.0
18800,354,54,15.25
18825,604,150,24.83
18850,185,37,20.0
18875,181,36,19.89
18900,874,212,24.26
18925,110,25,22.73
18950,240,68,28.33
18975,184,36,19.57
19000,6926,697,10.06
19025,144,26,18.06
19050,211,46,21.8
19075,437,103,23.57
19100,224,40,17.86
19125,418,103,24.64
19150,236,67,28.39
19175,177,33,18.64
19200,8386,1127,13.44
19225,178,41,23.03
19250,245,46,18.78
19275,159,29,18.24
19300,485,114,23.51
19325,155,30,19.35
19350,413,93,22.52
19375,244,59,24.18
19400,342,53,15.5
19425,388,95,24.48
19450,170,28,16.47
19475,232,57,24.57
19500,1690,195,11.54
19525,121,27,22.31
19550,142,24,16.9
19575,253,62,24.51
19600,1157,206,17.8
19625,144,29,20.14
19650,238,47,19.75
19675,207,53,25.6
19700,271,49,18.08
19725,290,61,21.03
19750,911,245,26.89
19775,243,48,19.75
19800,1332,286,21.47
19825,158,34,21.52
19850,212,35,16.51
19875,209,41,19.62
19900,186,34,18.28
19925,130,25,19.23
19950,401,96,23.94
19975,182,26,14.29
20000,131006,14335,10.94
20025,103,22,21.36
20050,465,103,22.15
20075,116,26,22.41
20100,169,26,15.38
20125,477,122,25.58
20150,489,115,23.52
20175,154,37,24.03
20200,200,41,20.5
20225,313,52,16.61
20250,294,63,21.43
20275,183,40,21.86
20300,211,30,14.22
20325,161,31,19.25
20350,180,26,14.44
20375,208,45,21.63
20400,2336,317,13.57
20425,157,29,18.47
20450,141,29,20.57
20475,187,46,24.6
20500,1216,181,14.88
20525,121,22,18.18
20550,169,31,18.34
20575,181,40,22.1
20600,201,35,17.41
20625,149,40,26.85
20650,145,29,20.0
20675,439,112,25.51
20700,549,99,18.03
20725,161,37,22.98
20750,218,49,22.48
20775,160,39,24.38
20800,1472,216,14.67
20825,169,37,21.89
20850,156,26,16.67
20875,198,47,23.74
20900,206,50,24.27
20925,115,27,23.48
20950,540,134,24.81
20975,202,42,20.79
21000,26324,3338,12.68
21025,103,21,20.39
21050,149,29,19.46
21075,295,72,24.41
21100,391,80,20.46
21125,252,71,28.17
21150,213,39,18.31
21175,151,47,31.13
21200,670,155,23.13
21225,101,24,23.76
21250,440,95,21.59
21275,198,58,29.29
21300,200,35,17.5
21325,147,33,22.45
21350,278,67,24.1
21375,122,33,27.05
21400,213,50,23.47
21425,117,23,19.66
21450,156,27,17.31
21475,161,40,24.84
21500,912,105,11.51
21525,165,27,16.36
21550,213,48,22.54
21575,118,34,28.81
21600,4180,569,13.61
21625,182,35,19.23
21650,166,24,14.46
21675,82,17,20.73
21700,209,34,16.27
21725,315,99,31.43
21750,197,41,20.81
21775,120,19,15.83
21800,163,42,25.77
21825,241,64,26.56
21850,478,104,21.76
21875,131,27,20.61
21900,150,16,10.67
21925,128,25,19.53
21950,147,32,21.77
21975,167,39,23.35
22000,12909,1337,10.36
22025,127,19,14.96
22050,184,34,18.48
22075,331,62,18.73
22100,196,32,16.33
22125,162,35,21.6
22150,121,19,15.7
22175,113,26,23.01
22200,363,49,13.5
22225,121,19,15.7
22250,550,139,25.27
22275,94,13,13.83
22300,203,35,17.24
22325,173,32,18.5
22350,135,21,15.56
22375,170,46,27.06
22400,2676,359,13.42
22425,187,43,22.99
22450,144,29,20.14
22475,215,36,16.74
22500,1913,247,12.91
22525,193,39,20.21
22550,169,26,15.38
22575,117,25,21.37
22600,168,37,22.02
22625,86,12,13.95
22650,135,28,20.74
22675,235,62,26.38
22700,124,23,18.55
22725,95,20,21.05
22750,610,150,24.59
22775,90,14,15.56
22800,1256,249,19.82
22825,98,18,18.37
22850,168,51,30.36
22875,356,87,24.44
22900,142,25,17.61
22925,74,13,17.57
22950,357,78,21.85
22975,82,12,14.63
23000,6856,584,8.52
23025,184,37,20.11
23050,243,53,21.81
23075,158,31,19.62
23100,414,79,19.08
23125,137,22,16.06
23150,92,13,14.13
23175,137,30,21.9
23200,425,62,14.59
23225,150,34,22.67
23250,125,26,20.8
23275,160,30,18.75
23300,183,26,14.21
23325,347,105,30.26
23350,215,37,17.21
23375,111,30,27.03
23400,435,79,18.16
23425,142,20,14.08
23450,234,48,20.51
23475,179,37,20.67
23500,1158,183,15.8
23525,123,19,15.45
23550,157,41,26.11
23575,111,29,26.13
23600,245,55,22.45
23625,98,13,13.27
23650,129,22,17.05
23675,315,79,25.08
23700,184,39,21.2
23725,173,47,27.17
23750,270,57,21.11
23775,82,14,17.07
23800,681,110,16.15
23825,103,11,10.68
23850,461,120,26.03
23875,198,54,27.27
23900,341,81,23.75
23925,270,72,26.67
23950,130,26,20.0
23975,285,69,24.21
24000,56302,6742,11.97
24025,103,20,19.42
24050,91,18,19.78
24075,119,22,18.49
24100,117,23,19.66
24125,275,65,23.64
24150,123,22,17.89
24175,211,43,20.38
24200,340,82,24.12
24225,108,20,18.52
24250,606,115,18.98
24275,104,16,15.38
24300,201,35,17.41
24325,91,12,13.19
24350,212,50,23.58
24375,462,109,23.59
24400,141,16,11.35
24425,105,13,12.38
24450,217,48,22.12
24475,177,30,16.95
24500,1025,108,10.54
24525,159,42,26.42
24550,138,19,13.77
24575,353,82,23.23
24600,278,38,13.67
24625,275,61,22.18
24650,212,69,32.55
24675,74,15,20.27
24700,259,75,28.96
24725,158,29,18.35
24750,214,39,18.22
24775,107,21,19.63
24800,529,84,15.88
24825,207,35,16.91
24850,123,16,13.01
24875,106,19,17.92
24900,156,19,12.18
24925,468,113,24.15
24950,268,52,19.4
24975,189,36,19.05
25000,66453,6761,10.17
25025,105,21,20.0
25050,105,18,17.14
25075,180,49,27.22
25100,66,11,16.67
25125,69,12,17.39
25150,141,37,26.24
25175,76,17,22.37
25200,1808,289,15.98
25225,91,9,9.89
25250,135,20,14.81
25275,68,6,8.82
25300,252,45,17.86
25325,133,27,20.3
25350,84,14,16.67
25375,128,27,21.09
25400,67,5,7.46
25425,78,16,20.51
25450,306,72,23.53
25475,262,60,22.9
25500,716,62,8.66
25525,126,26,20.63
25550,90,17,18.89
25575,93,14,15.05
25600,1405,156,11.1
25625,77,13,16.88
25650,90,10,11.11
25675,101,21,20.79
25700,124,26,20.97
25725,169,30,17.75
25750,184,35,19.02
25775,79,11,13.92
25800,145,17,11.72
25825,101,22,21.78
25850,156,34,21.79
25875,110,15,13.64
25900,188,30,15.96
25925,127,28,22.05
25950,88,21,23.86
25975,333,86,25.83
26000,5079,447,8.8
26025,87,23,26.44
26050,123,29,23.58
26075,69,11,15.94
26100,106,24,22.64
26125,115,19,16.52
26150,100,20,20.0
26175,49,4,8.16
26200,174,24,13.79
26225,58,16,27.59
26250,169,34,20.12
26275,91,17,18.68
26300,125,21,16.8
26325,100,19,19.0
26350,103,25,24.27
26375,481,121,25.16
26400,1822,251,13.78
26425,78,14,17.95
26450,98,20,20.41
26475,74,14,18.92
26500,1136,201,17.69
26525,67,13,19.4
26550,73,16,21.92
26575,137,29,21.17
26600,346,52,15.03
26625,90,25,27.78
26650,138,28,20.29
26675,147,23,15.65
26700,86,14,16.28
26725,62,9,14.52
26750,160,22,13.75
26775,99,21,21.21
26800,155,24,15.48
26825,68,11,16.18
26850,156,41,26.28
26875,159,34,21.38
26900,70,10,14.29
26925,121,27,22.31
26950,89,14,15.73
26975,105,17,16.19
27000,5080,454,8.94
27025,60,10,16.67
27050,260,66,25.38
27075,75,12,16.0
27100,84,13,15.48
27125,115,28,24.35
27150,115,22,19.13
27175,84,17,20.24
27200,887,141,15.9
27225,72,14,19.44
27250,129,12,9.3
27275,138,36,26.09
27300,406,103,25.37
27325,126,29,23.02
27350,121,22,18.18
27375,81,13,16.05
27400,84,14,16.67
27425,107,20,18.69
27450,197,47,23.86
27475,80,8,10.0
27500,1153,135,11.71
27525,123,26,21.14
27550,67,13,19.4
27575,441,116,26.3
27600,1011,182,18.0
27625,74,18,24.32
27650,145,29,20.0
27675,63,5,7.94
27700,126,23,18.25
27725,104,21,20.19
27750,98,14,14.29
27775,58,7,12.07
27800,94,13,13.83
27825,99,12,12.12
27850,124,17,13.71
27875,72,8,11.11
27900,116,17,14.66
27925,57,8,14.04
27950,84,9,10.71
27975,184,34,18.48
28000,30460,3488,11.45
28025,57,6,10.53
28050,98,17,17.35
28075,58,11,18.97
28100,290,80,27.59
28125,90,15,16.67
28150,86,16,18.6
28175,76,8,10.53
28200,250,50,20.0
28225,39,9,23.08
28250,116,23,19.83
28275,52,4,7.69
28300,89,13,14.61
28325,62,11,17.74
28350,82,16,19.51
28375,90,13,14.44
28400,85,8,9.41
28425,103,15,14.56
28450,73,11,15.07
28475,51,10,19.61
28500,844,143,16.94
28525,70,8,11.43
28550,130,26,20.0
28575,61,11,18.03
28600,226,62,27.43
28625,250,49,19.6
28650,86,15,17.44
28675,62,8,12.9
28700,105,19,18.1
28725,58,11,18.97
28750,104,14,13.46
28775,245,57,23.27
28800,1787,238,13.32
28825,46,5,10.87
28850,59,9,15.25
28875,88,24,27.27
28900,111,17,15.32
28925,46,5,10.87
28950,58,10,17.24
28975,188,42,22.34
29000,2075,194,9.35
29025,88,21,23.86
29050,105,24,22.86
29075,75,6,8.0
29100,278,68,24.46
29125,85,22,25.88
29150,65,10,15.38
29175,363,86,23.69
29200,75,9,12.0
29225,74,9,12.16
29250,217,46,21.2
29275,106,16,15.09
29300,69,7,10.14
29325,202,45,22.28
29350,69,19,27.54
29375,91,12,13.19
29400,389,63,16.2
29425,98,19,19.39
29450,154,29,18.83
29475,91,15,16.48
29500,407,49,12.04
29525,66,9,13.64
29550,85,10,11.76
29575,119,27,22.69
29600,168,15,8.93
29625,80,12,15.0
29650,76,8,10.53
29675,86,20,23.26
29700,450,97,21.56
29725,59,14,23.73
29750,165,34,20.61
29775,102,13,12.75
29800,105,16,15.24
29825,61,9,14.75
29850,206,52,25.24
29875,76,9,11.84
29900,482,121,25.1
29925,72,9,12.5
29950,104,14,13.46
29975,374,82,21.93
30000,61010,6521,10.69
30025,60,12,20.0
30050,42,7,16.67
30075,76,15,19.74
30100,118,23,19.49
30125,66,14,21.21
30150,81,17,20.99
30175,48,8,16.67
30200,59,7,11.86
30225,299,79,26.42
30250,65,12,18.46
30275,44,8,18.18
30300,105,23,21.9
30325,63,11,17.46
30350,80,18,22.5
30375,121,29,23.97
30400,233,43,18.45
30425,39,9,23.08
30450,58,13,22.41
30475,44,6,13.64
30500,278,32,11.51
30525,57,5,8.77
30550,42,11,26.19
30575,58,16,27.59
30600,123,21,17.07
30625,94,19,20.21
30650,53,8,15.09
30675,42,4,9.52
30700,97,13,13.4
30725,49,7,14.29
30750,278,75,26.98
30775,43,9,20.93
30800,521,94,18.04
30825,60,6,10.0
30850,63,8,12.7
30875,68,11,16.18
30900,92,13,14.13
30925,34,5,14.71
30950,61,12,19.67
30975,49,8,16.33
31000,1490,152,10.2
31025,61,11,18.03
31050,74,11,14.86
31075,55,7,12.73
31100,63,12,19.05
31125,43,8,18.6
31150,65,10,15.38
31175,147,30,20.41
31200,764,106,13.87
31225,58,14,24.14
31250,65,7,10.77
31275,83,17,20.48
31300,328,73,22.26
31325,44,6,13.64
31350,68,8,11.76
31375,65,10,15.38
31400,53,8,15.09
31425,54,6,11.11
31450,145,36,24.83
31475,41,6,14.63
31500,690,104,15.07
31525,38,6,15.79
31550,47,12,25.53
31575,123,28,22.76
31600,61,10,16.39
31625,34,6,17.65
31650,49,4,8.16
31675,108,28,25.93
31700,94,20,21.28
31725,63,3,4.76
31750,60,13,21.67
31775,40,5,12.5
31800,99,13,13.13
31825,202,57,28.22
31850,58,10,17.24
31875,36,4,11.11
31900,103,22,21.36
31925,45,4,8.89
31950,60,12,20.0
31975,88,19,21.59
32000,14204,1378,9.7
32025,47,5,10.64
32050,35,6,17.14
32075,44,5,11.36
32100,180,41,22.78
32125,42,6,14.29
32150,73,12,16.44
32175,39,5,12.82
32200,358,64,17.88
32225,110,28,25.45
32250,55,8,14.55
32275,43,10,23.26
32300,70,9,12.86
32325,57,14,24.56
32350,275,67,24.36
32375,36,6,16.67
32400,576,69,11.98
32425,62,6,9.68
32450,51,7,13.73
32475,54,9,16.67
32500,763,120,15.73
32525,34,7,20.59
32550,73,8,10.96
32575,22,1,4.55
32600,43,4,9.3
32625,153,29,18.95
32650,54,12,22.22
32675,73,18,24.66
32700,47,2,4.26
32725,40,8,20.0
32750,149,27,18.12
32775,42,9,21.43
32800,70,11,15.71
32825,39,3,7.69
32850,50,9,18.0
32875,205,33,16.1
32900,61,10,16.39
32925,33,6,18.18
32950,120,26,21.67
32975,44,9,20.45
33000,2573,250,9.72
33025,107,25,23.36
33050,43,10,23.26
33075,47,6,12.77
33100,120,20,16.67
33125,42,7,16.67
33150,72,12,16.67
33175,44,5,11.36
33200,60,7,11.67
33225,63,14,22.22
33250,57,10,17.54
33275,45,6,13.33
33300,95,17,17.89
33325,37,5,13.51
33350,58,4,6.9
33375,55,8,14.55
33400,61,5,8.2
33425,341,64,18.77
33450,39,5,12.82
33475,36,7,19.44
33500,296,39,13.18
33525,39,10,25.64
33550,53,2,3.77
33575,204,48,23.53
33600,1294,198,15.3
33625,48,7,14.58
33650,29,4,13.79
33675,30,5,16.67
33700,86,23,26.74
33725,39,6,15.38
33750,112,19,16.96
33775,34,6,17.65
33800,50,7,14.0
33825,83,17,20.48
33850,43,3,6.98
33875,47,8,17.02
33900,35,3,8.57
33925,52,8,15.38
33950,234,68,29.06
33975,38,4,10.53
34000,1614,149,9.23
34025,98,21,21.43
34050,43,12,27.91
34075,74,10,13.51
34100,98,15,15.31
34125,48,6,12.5
34150,46,5,10.87
34175,35,3,8.57
34200,131,16,12.21
34225,89,13,14.61
34250,51,8,15.69
34275,32,1,3.13
34300,72,20,27.78
34325,38,6,15.79
34350,80,17,21.25
34375,31,5,16.13
34400,51,5,9.8
34425,53,11,20.75
34450,44,4,9.09
34475,244,54,22.13
34500,366,64,17.49
34525,36,7,19.44
34550,154,30,19.48
34575,34,2,5.88
34600,38,1,2.63
34625,82,13,15.85
34650,67,9,13.43
34675,47,5,10.64
34700,38,6,15.79
34725,43,8,18.6
34750,99,17,17.17
34775,41,8,19.51
34800,258,30,11.63
34825,39,3,7.69
34850,47,6,12.77
34875,95,25,26.32
34900,44,6,13.64
34925,49,3,6.12
34950,68,12,17.65
34975,65,11,16.92
35000,86285,12205,14.14
35025,7,1,14.29
35050,17,0,0.0
35075,12,1,8.33
35100,15,1,6.67
35125,12,0,0.0
35150,15,0,0.0
35175,10,1,10.0
35200,102,2,1.96
35225,15,0,0.0
35250,17,0,0.0
35275,11,1,9.09
35300,20,0,0.0
35325,10,0,0.0
35350,11,1,9.09
35375,17,0,0.0
35400,24,0,0.0
35425,16,0,0.0
35450,9,0,0.0
35475,10,2,20.0
35500,83,2,2.41
35525,20,3,15.0
35550,13,0,0.0
35575,10,0,0.0
35600,14,0,0.0
35625,13,0,0.0
35650,14,0,0.0
35675,5,0,0.0
35700,28,2,7.14
35725,13,1,7.69
35750,16,2,12.5
35775,13,1,7.69
35800,14,0,0.0
35825,21,0,0.0
35850,10,0,0.0
35875,12,2,16.67
35900,14,0,0.0
35925,9,0,0.0
35950,21,0,0.0
35975,9,0,0.0
36000,5904,241,4.08
36025,7,0,0.0
36050,12,0,0.0
36075,6,0,0.0
36100,11,1,9.09
36125,20,0,0.0
36150,11,1,9.09
36175,14,3,21.43
36200,18,0,0.0
36225,20,1,5.0
36250,19,0,0.0
36275,6,0,0.0
36300,21,0,0.0
36325,16,1,6.25
36350,10,1,10.0
36375,11,0,0.0
36400,95,6,6.32
36425,14,1,7.14
36450,14,0,0.0
36475,15,1,6.67
36500,77,6,7.79
36525,16,0,0.0
36550,14,0,0.0
36575,16,0,0.0
36600,31,0,0.0
36625,14,0,0.0
36650,19,2,10.53
36675,18,1,5.56
36700,15,1,6.67
36725,12,0,0.0
36750,22,0,0.0
36775,7,0,0.0
36800,54,3,5.56
36825,16,0,0.0
36850,20,1,5.0
36875,21,2,9.52
36900,11,2,18.18
36925,6,0,0.0
36950,14,2,14.29
36975,19,0,0.0
37000,592,14,2.36
37025,10,0,0.0
37050,4,0,0.0
37075,9,0,0.0
37100,21,0,0.0
37125,11,1,9.09
37150,11,0,0.0
37175,11,1,9.09
37200,86,2,2.33
37225,12,1,8.33
37250,24,1,4.17
37275,13,0,0.0
37300,15,0,0.0
37325,7,0,0.0
37350,10,1,10.0
37375,5,0,0.0
37400,20,0,0.0
37425,13,1,7.69
37450,14,0,0.0
37475,10,0,0.0
37500,185,12,6.49
37525,16,0,0.0
37550,14,1,7.14
37575,10,1,10.0
37600,11,0,0.0
37625,13,2,15.38
37650,8,0,0.0
37675,17,1,5.88
37700,8,0,0.0
37725,10,0,0.0
37750,13,1,7.69
37775,9,0,0.0
37800,80,2,2.5
37825,15,0,0.0
37850,8,0,0.0
37875,13,0,0.0
37900,20,0,0.0
37925,13,0,0.0
37950,16,0,0.0
37975,5,0,0.0
38000,807,18,2.23
38025,10,2,20.0
38050,12,0,0.0
38075,11,0,0.0
38100,14,0,0.0
38125,6,0,0.0
38150,15,2,13.33
38175,8,0,0.0
38200,11,2,18.18
38225,11,0,0.0
38250,15,1,6.67
38275,12,1,8.33
38300,17,2,11.76
38325,12,1,8.33
38350,6,0,0.0
38375,11,1,9.09
38400,310,6,1.94
38425,11,2,18.18
38450,12,1,8.33
38475,12,2,16.67
38500,97,1,1.03
38525,9,0,0.0
38550,6,0,0.0
38575,12,0,0.0
38600,8,2,25.0
38625,10,1,10.0
38650,11,0,0.0
38675,10,0,0.0
38700,16,1,6.25
38725,7,0,0.0
38750,18,1,5.56
38775,5,0,0.0
38800,14,0,0.0
38825,16,0,0.0
38850,17,0,0.0
38875,15,0,0.0
38900,13,0,0.0
38925,8,1,12.5
38950,12,2,16.67
38975,14,0,0.0
39000,331,4,1.21
39025,7,0,0.0
39050,10,0,0.0
39075,10,0,0.0
39100,18,1,5.56
39125,13,1,7.69
39150,10,0,0.0
39175,10,2,20.0
39200,96,5,5.21
39225,7,0,0.0
39250,15,0,0.0
39275,15,0,0.0
39300,6,0,0.0
39325,5,0,0.0
39350,17,1,5.88
39375,7,0,0.0
39400,12,0,0.0
39425,11,0,0.0
39450,6,0,0.0
39475,13,1,7.69
39500,79,0,0.0
39525,15,0,0.0
39550,18,0,0.0
39575,8,0,0.0
39600,100,4,4.0
39625,8,0,0.0
39650,8,0,0.0
39675,10,0,0.0
39700,15,1,6.67
39725,12,1,8.33
39750,11,1,9.09
39775,13,0,0.0
39800,10,0,0.0
39825,13,1,7.69
39850,7,1,14.29
39875,8,0,0.0
39900,24,2,8.33
39925,14,0,0.0
39950,10,1,10.0
39975,11,0,0.0
40000,33368,1277,3.83
